{
  "personsList": [
    {
      "id": "944c",
      "firstName": "Castro",
      "lastName": "Starlin",
      "emailsList": [
        "scastro@cubs.com",
        "starlin_castro13@gmail.com"
      ],
      "addressList": [
        {
          "street": "1060 West Addison Street",
          "city": "Chicago",
          "state": "IL",
          "zip": "60613",
          "country": "USA"
        }
      ]
    },
    {
      "id": "306a",
      "firstName": "Sampson",
      "lastName": "Brock",
      "emailsList": [
        "brock_f_sampson@gmail.com",
        "bsampson@venture.com"
      ],
      "addressList": [
        {
          "street": "123 N 1st Street",
          "city": "Omaha",
          "state": "NE",
          "zip": "68116",
          "country": "USA"
        }
      ]
    },
    {
      "id": "55bb",
      "firstName": "O'Brien",
      "lastName": "Miles",
      "emailsList": [
        "obrien@ds9.com",
        "obrien@enterprise.gov"
      ],
      "addressList": [
        {
          "street": "8753 West 3rd Ave.",
          "city": "Dallas",
          "state": "TX",
          "zip": "75001",
          "country": "USA"
        }
      ]
    },
    {
      "id": "2342",
      "firstName": "O'Brien",
      "lastName": "Miles",
      "emailsList": [
        "N/A"
      ],
      "addressList": [
        {
          "street": "123 Friendly Street",
          "city": "Ottawa",
          "state": "ON",
          "zip": "K1A 0G9",
          "country": "Canada"
        }
      ]
    },
    {
      "id": "aef1",
      "firstName": "Gekko",
      "lastName": "Gordon",
      "emailsList": [
        "N/A"
      ],
      "addressList": [
        {
          "street": "1 Wall Street",
          "city": "New York",
          "state": "NY",
          "zip": "10005-0012",
          "country": "USA"
        }
      ]
    },
    {
      "id": "321f",
      "firstName": "Fox",
      "lastName": "Bud",
      "emailsList": [
        "bfox@gmail.com",
        "csheen@crazy.net"
      ],
      "addressList": [
        {
          "street": "321 Bronx Street",
          "city": "New York",
          "state": "NY",
          "zip": "10004",
          "country": "USA"
        }
      ]
    },
    {
      "id": "ma12",
      "firstName": "Sveum",
      "lastName": "Dale",
      "emailsList": [
        "sveum@cubs.com"
      ],
      "addressList": [
        {
          "street": "1060 West Addison Street",
          "city": "Chicago",
          "state": "IL",
          "zip": "60613",
          "country": "USA"
        }
      ]
    },
    {
      "id": "321nd",
      "firstName": "Hartnell",
      "lastName": "William",
      "emailsList": [
        "whartnell@doctors.com",
        "dr@who.com"
      ],
      "addressList": [
        {
          "street": "1060 West Addison Street",
          "city": "Chicago",
          "state": "IL",
          "zip": "60613",
          "country": "USA"
        }
      ]
    },
    {
      "id": "nf32a",
      "firstName": "Troughton",
      "lastName": "Patrick",
      "emailsList": [
        "ptroug@cse.unl.edu",
        "ptrou32@unl.edu"
      ],
      "addressList": [
        {
          "street": "1060 West Addison Street",
          "city": "Chicago",
          "state": "IL",
          "zip": "60613",
          "country": "USA"
        }
      ]
    },
    {
      "id": "321na",
      "firstName": "Pertwee",
      "lastName": "Jon",
      "emailsList": [
        "jpet@whofan.com"
      ],
      "addressList": [
        {
          "street": "301 Front St W",
          "city": "Toronto",
          "state": "ON",
          "zip": "M5V 2T6",
          "country": "Canada"
        }
      ]
    },
    {
      "id": "231",
      "firstName": "Baker",
      "lastName": "Tom",
      "emailsList": [
        "famousdoc@who.com",
        "tbaker@cse.unl.edu",
        "mostfamous@whovian.com",
        "thedoctor@bbc.com"
      ],
      "addressList": [
        {
          "street": "1 Blue Jays Way",
          "city": "Toronto",
          "state": "ON",
          "zip": "M5V 1J1",
          "country": "Canada"
        }
      ]
    },
    {
      "id": "6doc",
      "firstName": "Hurndall",
      "lastName": "Richard",
      "emailsList": [
        "rhurndall@cse.unl.edu",
        "richard@unl.edu"
      ],
      "addressList": [
        {
          "street": "Campos El290",
          "city": "Mexico City",
          "state": "FD",
          "zip": "N/A",
          "country": "Mexico"
        }
      ]
    },
    {
      "id": "321dr",
      "firstName": "Baker",
      "lastName": "C.",
      "emailsList": [
        "dr@baker.com"
      ],
      "addressList": [
        {
          "street": "Avery Hall",
          "city": "Lincoln",
          "state": "NE",
          "zip": "68503",
          "country": "USA"
        }
      ]
    },
    {
      "id": "1svndr",
      "firstName": "McCoy",
      "lastName": "Sylvester",
      "emailsList": [
        "slyguy@hotmail.com",
        "mccoy@whofan.com"
      ],
      "addressList": [
        {
          "street": "126-01 Roosevelt Ave",
          "city": "Flushing",
          "state": "NY",
          "zip": "11368",
          "country": "USA"
        }
      ]
    },
    {
      "id": "123lst",
      "firstName": "McGann",
      "lastName": "Paul",
      "emailsList": [
        "pmcgann@mlb.com",
        "foo@bar.com",
        "pmc@unl.edu"
      ],
      "addressList": [
        {
          "street": "1 MetLife Stadium Dr",
          "city": "East Rutherford",
          "state": "NJ",
          "zip": "07073",
          "country": "USA"
        }
      ]
    },
    {
      "id": "nwdoc1",
      "firstName": "Eccleston",
      "lastName": "Chris",
      "emailsList": [
        "newguy@whovian.com"
      ],
      "addressList": [
        {
          "street": "1 E 161st St",
          "city": "Bronx",
          "state": "NY",
          "zip": "10451",
          "country": "USA"
        }
      ]
    },
    {
      "id": "2ndbestd",
      "firstName": "Tennant",
      "lastName": "David",
      "emailsList": [
        "actor@shakespeare.com",
        "tdavid@unl.edu"
      ],
      "addressList": [
        {
          "street": "700 E Grand Ave",
          "city": "Chicago",
          "state": "IL",
          "zip": "60611",
          "country": "USA"
        }
      ]
    },
    {
      "id": "wrddoc",
      "firstName": "Smith",
      "lastName": "Matt",
      "emailsList": [
        "msmith@who.com",
        "thedoc@cse.unl.edu"
      ],
      "addressList": [
        {
          "street": "333 W 35th St",
          "city": "Chicago",
          "state": "IL",
          "zip": "60616",
          "country": "USA"
        }
      ]
    },
    {
      "id": "bbchar",
      "firstName": "Ehrmantraut",
      "lastName": "Kaylee",
      "emailsList": [
        "N/A"
      ],
      "addressList": [
        {
          "street": "800 West 7th Street",
          "city": "Albuquerque",
          "state": "NM",
          "zip": "87105",
          "country": "USA"
        }
      ]
    },
    {
      "id": "doc05",
      "firstName": "Davison",
      "lastName": "Peter",
      "emailsList": [
        "N/A"
      ],
      "addressList": [
        {
          "street": "123 Cabo San Lucas",
          "city": "Los Cabos",
          "state": "BCS",
          "zip": "N/A",
          "country": "Mexico"
        }
      ]
    }
  ]
}