<?xml version="1.0" encoding="UTF-8" standalone="yes"?>
<ns2:persons xmlns:ns2="unl.cse">
    <person>
        <id>944c</id>
        <firstName>Castro</firstName>
        <lastName>Starlin</lastName>
        <address>
            <street>1060 West Addison Street</street>
            <city>Chicago</city>
            <state>IL</state>
            <zip>60613</zip>
            <country>USA</country>
        </address>
        <emails>
            <email>scastro@cubs.com</email>
            <email>starlin_castro13@gmail.com</email>
        </emails>
    </person>
    <person>
        <id>306a</id>
        <firstName>Sampson</firstName>
        <lastName>Brock</lastName>
        <address>
            <street>123 N 1st Street</street>
            <city>Omaha</city>
            <state>NE</state>
            <zip>68116</zip>
            <country>USA</country>
        </address>
        <emails>
            <email>brock_f_sampson@gmail.com</email>
            <email>bsampson@venture.com</email>
        </emails>
    </person>
    <person>
        <id>55bb</id>
        <firstName>O'Brien</firstName>
        <lastName>Miles</lastName>
        <address>
            <street>8753 West 3rd Ave.</street>
            <city>Dallas</city>
            <state>TX</state>
            <zip>75001</zip>
            <country>USA</country>
        </address>
        <emails>
            <email>obrien@ds9.com</email>
            <email>obrien@enterprise.gov</email>
        </emails>
    </person>
    <person>
        <id>2342</id>
        <firstName>O'Brien</firstName>
        <lastName>Miles</lastName>
        <address>
            <street>123 Friendly Street</street>
            <city>Ottawa</city>
            <state>ON</state>
            <zip>K1A 0G9</zip>
            <country>Canada</country>
        </address>
        <emails>
            <email>N/A</email>
        </emails>
    </person>
    <person>
        <id>aef1</id>
        <firstName>Gekko</firstName>
        <lastName>Gordon</lastName>
        <address>
            <street>1 Wall Street</street>
            <city>New York</city>
            <state>NY</state>
            <zip>10005-0012</zip>
            <country>USA</country>
        </address>
        <emails>
            <email>N/A</email>
        </emails>
    </person>
    <person>
        <id>321f</id>
        <firstName>Fox</firstName>
        <lastName>Bud</lastName>
        <address>
            <street>321 Bronx Street</street>
            <city>New York</city>
            <state>NY</state>
            <zip>10004</zip>
            <country>USA</country>
        </address>
        <emails>
            <email>bfox@gmail.com</email>
            <email>csheen@crazy.net</email>
        </emails>
    </person>
    <person>
        <id>ma12</id>
        <firstName>Sveum</firstName>
        <lastName>Dale</lastName>
        <address>
            <street>1060 West Addison Street</street>
            <city>Chicago</city>
            <state>IL</state>
            <zip>60613</zip>
            <country>USA</country>
        </address>
        <emails>
            <email>sveum@cubs.com</email>
        </emails>
    </person>
    <person>
        <id>321nd</id>
        <firstName>Hartnell</firstName>
        <lastName>William</lastName>
        <address>
            <street>1060 West Addison Street</street>
            <city>Chicago</city>
            <state>IL</state>
            <zip>60613</zip>
            <country>USA</country>
        </address>
        <emails>
            <email>whartnell@doctors.com</email>
            <email>dr@who.com</email>
        </emails>
    </person>
    <person>
        <id>nf32a</id>
        <firstName>Troughton</firstName>
        <lastName>Patrick</lastName>
        <address>
            <street>1060 West Addison Street</street>
            <city>Chicago</city>
            <state>IL</state>
            <zip>60613</zip>
            <country>USA</country>
        </address>
        <emails>
            <email>ptroug@cse.unl.edu</email>
            <email>ptrou32@unl.edu</email>
        </emails>
    </person>
    <person>
        <id>321na</id>
        <firstName>Pertwee</firstName>
        <lastName>Jon</lastName>
        <address>
            <street>301 Front St W</street>
            <city>Toronto</city>
            <state>ON</state>
            <zip>M5V 2T6</zip>
            <country>Canada</country>
        </address>
        <emails>
            <email>jpet@whofan.com</email>
        </emails>
    </person>
    <person>
        <id>231</id>
        <firstName>Baker</firstName>
        <lastName>Tom</lastName>
        <address>
            <street>1 Blue Jays Way</street>
            <city>Toronto</city>
            <state>ON</state>
            <zip>M5V 1J1</zip>
            <country>Canada</country>
        </address>
        <emails>
            <email>famousdoc@who.com</email>
            <email>tbaker@cse.unl.edu</email>
            <email>mostfamous@whovian.com</email>
            <email>thedoctor@bbc.com</email>
        </emails>
    </person>
    <person>
        <id>6doc</id>
        <firstName>Hurndall</firstName>
        <lastName>Richard</lastName>
        <address>
            <street>Campos El290</street>
            <city>Mexico City</city>
            <state>FD</state>
            <zip>N/A</zip>
            <country>Mexico</country>
        </address>
        <emails>
            <email>rhurndall@cse.unl.edu</email>
            <email>richard@unl.edu</email>
        </emails>
    </person>
    <person>
        <id>321dr</id>
        <firstName>Baker</firstName>
        <lastName>C.</lastName>
        <address>
            <street>Avery Hall</street>
            <city>Lincoln</city>
            <state>NE</state>
            <zip>68503</zip>
            <country>USA</country>
        </address>
        <emails>
            <email>dr@baker.com</email>
        </emails>
    </person>
    <person>
        <id>1svndr</id>
        <firstName>McCoy</firstName>
        <lastName>Sylvester</lastName>
        <address>
            <street>126-01 Roosevelt Ave</street>
            <city>Flushing</city>
            <state>NY</state>
            <zip>11368</zip>
            <country>USA</country>
        </address>
        <emails>
            <email>slyguy@hotmail.com</email>
            <email>mccoy@whofan.com</email>
        </emails>
    </person>
    <person>
        <id>123lst</id>
        <firstName>McGann</firstName>
        <lastName>Paul</lastName>
        <address>
            <street>1 MetLife Stadium Dr</street>
            <city>East Rutherford</city>
            <state>NJ</state>
            <zip>07073</zip>
            <country>USA</country>
        </address>
        <emails>
            <email>pmcgann@mlb.com</email>
            <email>foo@bar.com</email>
            <email>pmc@unl.edu</email>
        </emails>
    </person>
    <person>
        <id>nwdoc1</id>
        <firstName>Eccleston</firstName>
        <lastName>Chris</lastName>
        <address>
            <street>1 E 161st St</street>
            <city>Bronx</city>
            <state>NY</state>
            <zip>10451</zip>
            <country>USA</country>
        </address>
        <emails>
            <email>newguy@whovian.com</email>
        </emails>
    </person>
    <person>
        <id>2ndbestd</id>
        <firstName>Tennant</firstName>
        <lastName>David</lastName>
        <address>
            <street>700 E Grand Ave</street>
            <city>Chicago</city>
            <state>IL</state>
            <zip>60611</zip>
            <country>USA</country>
        </address>
        <emails>
            <email>actor@shakespeare.com</email>
            <email>tdavid@unl.edu</email>
        </emails>
    </person>
    <person>
        <id>wrddoc</id>
        <firstName>Smith</firstName>
        <lastName>Matt</lastName>
        <address>
            <street>333 W 35th St</street>
            <city>Chicago</city>
            <state>IL</state>
            <zip>60616</zip>
            <country>USA</country>
        </address>
        <emails>
            <email>msmith@who.com</email>
            <email>thedoc@cse.unl.edu</email>
        </emails>
    </person>
    <person>
        <id>bbchar</id>
        <firstName>Ehrmantraut</firstName>
        <lastName>Kaylee</lastName>
        <address>
            <street>800 West 7th Street</street>
            <city>Albuquerque</city>
            <state>NM</state>
            <zip>87105</zip>
            <country>USA</country>
        </address>
        <emails>
            <email>N/A</email>
        </emails>
    </person>
    <person>
        <id>doc05</id>
        <firstName>Davison</firstName>
        <lastName>Peter</lastName>
        <address>
            <street>123 Cabo San Lucas</street>
            <city>Los Cabos</city>
            <state>BCS</state>
            <zip>N/A</zip>
            <country>Mexico</country>
        </address>
        <emails>
            <email>N/A</email>
        </emails>
    </person>
</ns2:persons>
